Rank,Name,Active,Visits,Favourites,Likes,Dislikes,Rating
#1,BloxFruits,483372,41346317182,13574097,8521670,676846,92.64
#2,Brookhaven🏡RP,474141,55635148446,22117653,6108763,955845,86.47
#3,DressToImpress💜,297764,3876511994,3182036,2042092,188403,91.55
#4,PETSGO!✨[NEW],172411,145691211,199254,275267,20140,93.18
#5,MurderMystery2,159531,18310453247,19306585,8001198,786705,91.05
#6,[UPDATE1]AnimeVanguards,142586,534044793,578491,1592383,52159,96.83
#7,TheStrongestBattlegrounds,142531,8747773201,4177434,2931689,565313,83.83
#8,PetSimulator99!🎃,131088,1527851114,1479726,2586908,106245,96.05
#9,AdoptMe!,109439,37679655130,26994071,7323639,1441230,83.56
#10,BerryAvenue🏠RP,77150,4495186748,2309040,681793,99257,87.29
#11,🎃DOORS👁️,70116,5714365246,6688592,3888476,289280,93.08
#12,🎃RIVALS,63878,1247731942,13213395,2751053,118321,95.88
#13,[TENSHADOWS]JujutsuShenanigans,63255,966867976,943813,747236,133201,84.87
#14,🦇AnimeDefenders,63015,3031330440,683248,1940077,59410,97.03
#15,🎟️Dandy'sWorld[ALPHA],58744,419230503,361526,211995,17131,92.52
#16,(UPDATE7)KingLegacy,48482,3160603105,2277534,1338140,135726,90.79
#17,[🎃]Fisch,44174,23455912,149970,74557,9433,88.77
#18,[⚔️PVP]ToiletTowerDefense,42748,5053264586,1116753,1143631,163039,87.52
#19,FiveNightsTD[ENDLESS],38875,386846247,235250,206878,15767,92.92
#20,✨🎃Evade🎃✨,37301,5225026775,5355653,2116112,130103,94.21
#21,LifeTogether🏠RP(UPDATE33),36427,1100346999,3249898,405470,32053,92.67
#22,[UPD]BladeBall,34558,4482377254,9966828,6487048,444810,93.58
#23,CatalogAvatarCreator,33714,2850460040,3421954,1390908,123278,91.86
#24,BeeSwarmSimulator,31885,2983678381,5954749,2317866,123885,94.93
#25,🎃CreaturesofSonaria🐲SurviveKaijuAnimals,31040,988137128,3626207,702610,72945,90.59
#26,HeroesBattlegrounds,30567,609308166,832980,516804,97962,84.07
#27,WelcometoBloxburg,30204,8998091859,13559019,5308107,714569,88.14
#28,[HOSPITAL🚑]Baddies💅,29185,417741111,5540968,98029,36796,72.71
#29,BedWars[🧟Infected],28950,9730460482,4207094,2182722,462232,82.52
#30,[🎃]NFLUniverseFootball,27617,305376899,514940,221633,23740,90.32
#31,Piggy[DECAYCHAPTER],27466,13110395425,11669525,3615821,406011,89.9
#32,[🗡️JUJUTSUKAISEN🌃]AUniversalTime3.8🚩,27434,783659514,1303904,789071,134184,85.47
#33,☠️NIGHT2☠️TowerDefenseSimulator,27430,3615183727,3087216,1591403,104152,93.86
#34,[👻UPDATE]SlapBattles👏,25718,2390168629,2325962,1443268,244238,85.53
#35,Sol'sRNG[Era9],24826,760264927,633329,742478,100411,88.09
#36,🎃HideorDie!,24358,34061192,1326949,17487,4724,78.73
#37,BuildABoatForTreasure,23803,4091953952,7634669,3053389,227152,93.08
#38,MetroLife🎃CityRP,23752,1006988782,23923941,175306,25683,87.22
#39,[SILENTESPER]UltimateBattlegrounds,23645,187507242,344560,203136,42386,82.74
#40,BananaEats🎃,21007,685236793,1779805,424237,55377,88.45
#41,Deepwoken,20535,1043314511,783111,332021,44658,88.14
#42,[🎃UPDATE]GrandPieceOnline,19607,1000386904,1418706,977760,107491,90.1
#43,GachaOnline🍭RP[TRICKORTREAT🎃],19154,2497830378,2436761,571753,185356,75.52
#44,[MYTHICALWOLF]FruitBattlegrounds,18091,634882202,781461,812254,102715,88.77
#45,ShindoLife[238],17772,2484974513,2937002,2049373,138752,93.66
#46,[🎃]DrivingEmpire🏎️CarRacing,17704,1596333259,13499716,1599017,113056,93.4
#47,BlockTales[Demo3],17206,28457911,350351,187661,7592,96.11
#48,🎃ABA🎃,17189,961147232,930537,449898,100593,81.73
#49,[🛡️Clans+🌀Godly🧬]AnimeLastStand,16646,499176505,278830,334667,25061,93.03
#50,TheHaunt,16430,27980878,67134,45719,19454,70.15
#51,3008[2.73],16218,2356878957,4831147,1648983,152249,91.55
#52,Jailbreak🍁,16044,7121330094,18267940,5531874,770054,87.78
#53,PLSDONATE💸,15998,2811854798,3059973,2267487,171454,92.97
#54,💡LUMENIGHDragonAdventures🐉FantasyPets✨,15573,1015399157,6323469,735333,62383,92.18
#55,[UPDATE4]MemeSea,15300,404771445,290897,293171,21549,93.15
#56,[UPGRADE]BARRY'SPRISONRUN!(OBBY),14819,2783481197,1192431,277775,198934,58.27
#57,FlingThingsandPeople,14661,1159210024,1636987,519403,152529,77.3
#58,FleetheFacility,14506,4613743557,8921302,2332856,201301,92.06
#59,adustytrip[🎃HAUNT],14484,1096413173,1216316,1493669,137060,91.6
#60,[💥SHADOW]SonicSpeedSimulator,14339,1043201234,2070882,1416767,110986,92.74
#61,🎃WEEK2!CarDealershipTycoon,14327,2050639057,3091222,1356810,101249,93.06
#62,MurderersVSSheriffsDuels,14123,1065259854,674633,301416,56571,84.2
#63,🔪SurvivetheKiller!,13643,2183953849,3818530,874213,97986,89.92
#64,[RaiderX]WarTycoon,13474,564005488,2398208,750522,71135,91.34
#65,GymLeague🎃,13035,373745348,3777885,966695,25163,97.46
#66,DeathBall,12956,806803525,1059804,2119686,76476,96.52
#67,[HALLOWEEN🎃]TheMimic,12843,982471025,2901837,979569,107362,90.12
#68,🎃THERAVEYARD🎃Pressure,12519,190234538,1052097,438097,24766,94.65
#69,🎃ArmWrestleSimulator,12203,1034041412,896464,1152803,58366,95.18
#70,Royale🎃High[FallingLeavesFestival!],11643,10008035521,13220816,3167351,488308,86.64
#71,RainbowFriends,11501,3757565867,3190871,1310399,277667,82.52
#72,Livetopia🎃HalloweenSpookyAdventures,11306,4712153408,27971083,1256077,136840,90.18
#73,FootballFusion2,11091,1292619838,821657,567464,114179,83.25
#74,(HALLOWEENEVENTMAPCHANGES+CARS!)Greenville,11083,1029991423,2307222,807739,126079,86.5
#75,BaysideHighSchool🍎,11028,428323040,470854,149421,21447,87.45
#76,LikeorPass,11027,28088718,41358,24287,8126,74.93
#77,[HalloweenPT1]PillarChase2,10977,72708999,352393,127129,16840,88.3
#78,ColororDie🎨,10697,683657966,1134166,1193151,120540,90.82
#79,[RANKED]AnimeCardBattle,10598,71879252,66839,73629,5956,92.52
#80,[UPDATE!]SpeedDraw!,10585,1217569017,1487355,374912,55701,87.06
#81,TowerofHell,10517,23977099438,11167470,3861874,1350060,74.1
#82,EmergencyHamburg,10347,438794946,518641,206824,38922,84.16
#83,SuperLeagueSoccer,10237,589351361,452242,215485,45887,82.44
#84,NaturalDisasterSurvival,9737,3156480783,10613951,3731751,381657,90.72
#85,🌲EmergencyResponse:LibertyCounty,9582,1022743109,2486821,959547,93029,91.16
#86,[🎃]🍕WorkataPizzaPlace,9451,4925539227,12499720,3075963,244246,92.64
#87,SwimLeague[NewWorld7🎃],9294,28278554,732203,56632,2694,95.46
#88,EscapeRunningHead,9172,2151768605,1620648,250102,77303,76.39
#89,PullaSword,9038,212296809,381483,967004,25215,97.46
#90,ElementalPowersTycoon,8897,659542517,1851950,219441,26477,89.23
#91,GunfightArena|WW2,8363,515817802,1113672,438540,57953,88.33
#92,PLUSH🧸HorseLife🐎,8156,107654702,1278698,290459,8700,97.09
#93,[🧛]MM2AimTrainer,8120,513138473,12659734,195197,28187,87.38
#94,Obbybutyou'reaSpider[700M],8035,15729350,40591,25686,8621,74.87
#95,🎃[UPD14HALLOWEEN]AnimeStrikeSimulator,7879,8605990,33530,117625,2374,98.02
#96,[SUPER]untitledboxinggame🥊,7866,667405334,788718,736297,118594,86.13
#97,RealisticStreetSoccer(3on3),7800,352435260,213816,117041,26777,81.38
#98,[🎃STORY]DragonSoul|AnimeAdventure🐲,7678,112709715,476804,309489,14965,95.39
#99,EattheWorld[NEWMAPS],7650,254118901,14821809,600373,34655,94.54
#100,LegendsBattlegrounds,7628,55788243,134860,79807,19277,80.54
#101,[🎂]itemasylum,7546,423679231,1023504,420688,63020,86.97
#102,Sonic.EXE:Thedisaster1.2,7446,40646073,69118,33850,4351,88.61
#103,[2X]🎃BasketballLegends🎃,7408,349763156,355388,238806,51529,82.25
#104,[🎃]DungeonQuest!⚔️RPGAdventure,7342,2150159395,4202863,1069156,96616,91.71
#105,Spider,7278,2444883605,2570379,528517,200540,72.49
#106,CombatWarriors🩸,7221,1167958416,2218694,1255365,232747,84.36
#107,Together[PartyGame]🪸DEEPOCEAN!🦑,7190,223440795,744691,86381,16055,84.33
#108,💪MuscleLegends,7121,1840670996,2350637,900012,131242,87.27
#109,TYPE://SOUL[HALLOWEENUPDATE],7009,506018314,359535,255645,61973,80.49
#110,BuildwithFriends[🎃HALLOWEEN],6915,27359902,1284646,96024,2808,97.16
#111,[🎃CHAPTERI]TowerDefenseX:BETA,6812,218103058,267484,278470,12557,95.69
#112,[🌘DARK]BeNPCorDIE!💢,6792,80902156,305853,250077,19180,92.88
#113,DaHood🎃,6779,2659750248,2966793,1235617,513242,70.65
#114,spookfest🎃RestaurantTycoon2,6741,1380969730,3922950,1200112,92379,92.85
#115,TheFloorIsLAVA!🔥,6695,2588160566,3316529,707454,231003,75.38
#116,[HALLOWEEN]SorcererBattlegrounds,6672,368342324,588651,342862,86643,79.83
#117,WarriorCats:UltimateEdition,6627,540590404,1212106,390743,29514,92.98
#118,MICUP🔊,6603,475122391,640278,306043,58947,83.85
#119,SecretStaycation,6551,387176400,507541,148206,24723,85.7
#120,Arsenal,6473,5601255572,11172088,4904838,622547,88.74
#121,SouthwestFloridaBeta,6394,621582028,1644439,630771,70758,89.91
#122,ThemeParkTycoon2,6299,1336714920,5783445,1906384,244855,88.62
#123,Regretevator[ELEVATORSIMULATOR],6258,111875165,606060,226285,22197,91.07
#124,[PAGANI]VehicleLegends🏎️CARS!,6211,1539051510,2262778,1023770,70590,93.55
#125,GymStarSimulator[NEWTRAINER💪],6188,48128043,99671,50339,3220,93.99
#126,[🎃]TwilightDaycare!,6159,2321070461,1967230,750913,92459,89.04
#127,👁️untitledtaggame👁️[DOORS!],6092,174769187,453031,325376,31200,91.25
#128,💜MeepCity💜,6043,16094272517,14787935,2857706,483318,85.53
#129,HideandSeekExtreme,5992,2904881095,6444745,881381,86547,91.06
#130,[W49]ObbyButYou’reOnaBike,5940,1407316033,5708158,773710,236023,76.63
#141,BACK!/MMV,5222,790643,54804,805,39,95.38
#142,SprayPaint!,5176,1129107924,1907456,457366,93922,82.96
#143,🎃FunkyFriday,5143,1838952150,4039487,1884060,199295,90.43
#144,RedcliffCity🏡RP,5127,832591606,801454,176534,25883,87.21
#145,BreakIn2(Story),5092,616535772,616938,251598,39521,86.42
#146,Chained[2PlayerObby],5086,70304997,1721496,50394,4173,92.35
#147,(🔪UPDATE🔪)ThaBronx2💯,5086,75260456,154300,57807,18224,76.03
#148,[NEW!]PilferingPirates[⛵],5070,874291276,1221660,238433,45416,84
#149,[NEW]MegaLuxuryBusTycoon🚍,5063,2356278,10768,1670,532,75.84
#150,🌳LumberTycoon2,5019,1177131987,4459036,1940432,272239,87.7
#151,[🔥UPD]SkibidiTowerDefense,4981,539329341,1806070,411630,29940,93.22
#152,BoxingBeta!🥊,4969,620499198,907896,255293,56974,81.75
#153,KittenGame🐾,4944,264384426,372460,121734,11044,91.68
#154,[NEWSTYLES]fightinaschool,4870,110436953,231805,109552,30062,78.47
#155,[🎃]SkateboardObby,4846,186832621,769085,119813,22501,84.19
#156,PETSGOMODDED!🎃[PUMPKIN],4821,893554,57879,3928,190,95.39
#157,🎃MapleHospital,4809,1163745473,1023930,308776,56953,84.43
#158,Guts&Blackpowder[HEADLESSHORSEMAN],4802,159574556,581692,229226,14047,94.23
#159,[UPDATE1]Skillful,4785,3190407,12020,12274,872,93.37
#160,NewSmith🏠RPHalloween!,4759,38888100,422968,30327,2426,92.59
#171,[🤑SALE]PetWorld✨,4531,6707657,14369,15480,867,94.7
#172,Paradise🏠RP,4526,295313712,8441683,116981,12496,90.35
#173,[AKAT☁️]NinjaTycoon(v4.5),4515,521452191,1204216,379090,45680,89.25
#174,[GHOSTSHINOBI+DIOMOVES]RealmRampage,4506,160616900,484858,280642,54760,83.67
#175,[🎃]ElementalDungeons,4485,183772103,328856,205892,11141,94.87
#176,[🧟ZOMBIES]MilitaryTycoon®,4475,758025166,1731481,1164736,100538,92.05
#177,[RNG]🎃BidBattles!,4470,129836695,324687,131473,12956,91.03
#178,MyToilet,4431,1071356,92362,3658,491,88.17
#179,🎃BAKEDABABY,4381,136244693,3477763,177902,18927,90.38
#180,🎃ShrekinTheBackrooms,4363,437509058,1122853,387913,53230,87.93
#181,UndergroundWar2.0⚔️[NUKE],4349,520333514,380374,218266,36755,85.59
#182,🐸AnimalSimulator,4343,1283765999,1698000,344789,70224,83.08
#183,[🎃HALLOWEEN]TOD,4294,147888118,226007,71674,6744,91.4
#184,🎃[HAYRIDE]🎃AmericanPlainsMudding,4251,149098016,234540,85592,15189,84.93
#185,Peroxide,4236,292112277,581173,357308,35514,90.96
#186,CollectAllPets!,4216,157797182,277644,108854,8460,92.79
#187,[UPDATE1.58]YourBizarreAdventure,4170,1972283212,1862822,1335989,161809,89.2
#188,BrokenBonesIV-RagdollSim,4161,1229170357,4161887,1309796,174621,88.24
#189,[STAGETWO!]💪NinjaChallenge[Beta],4149,13714138,19544,18120,2396,88.32
#190,GigaMansionTycoon🏝️,4087,109107902,188274,107510,4355,96.11
#191,[🎃Halloween]TongueBattles,4066,128020808,214311,379620,27915,93.15
#192,Draw&Switch,4064,71856936,229110,18313,4222,81.26
#193,ScaryHide&Seek,4059,10537731,248454,9235,1601,85.23
#194,[🎃Event]⚔️DungeonRNG,4041,32580647,643969,312933,6830,97.86
#195,SeasideRP🏡🌴NewLuxuryhouse!!,4032,209022517,7510767,36177,3864,90.35
#196,PhantomForces,3969,1627217909,5861967,2419374,212510,91.93
#197,SkyWars🔥,3960,212975735,188595,98679,34053,74.34
#198,🎃SPOOKY!🎃ClubRobloxRP👶🏡,3950,2594988700,3275515,872297,86482,90.98
#199,[REVOLVER]LOCKED,3939,79158173,93092,53337,13195,80.17
#200,CheeseEscape[Horror],3871,989964121,1545527,357335,52710,87.15
#201,😈MysteryKiller,3824,616510,55712,198,39,83.54
#202,[🎃FREEUGC🧻]SkibidiToiletBattle,3820,62047005,764380,70509,3200,95.66
#203,InfectiousSmile,3814,970221686,1937619,527171,142850,78.68
#204,BloxyBingo,3808,300470759,973745,245943,47605,83.78
#205,[🍀2XLUCK]PixelTowerDefense,3780,20080755,175337,70331,2452,96.63
#206,HighlandPark🏡RP[FREEVIP],3767,51911066,3720408,45271,3504,92.82
#207,PilotTrainingFlightSimulator,3705,456536455,1466115,602480,48172,92.6
#208,☄️Don'tPressTheButton4,3702,1013997448,1141147,525897,87797,85.69
#209,ClipIt😂🎬👗,3668,99198792,179547,51377,15864,76.41
#210,[HALLOWEEN!🎃]ITGIRL🎀,3658,36580836,188581,49254,16594,74.8
#211,ZombieUprising,3645,1039840259,3200111,918989,47285,95.11
#212,[🎃UPD]RaceClicker,3629,795297037,1193823,1302085,55715,95.9
#213,[🏎️UPD!]MansionTycoon🌴🏠,3620,374385635,796951,514305,15087,97.15
#214,DON'TGETELIMINATED,3563,117846936,231060,99282,26239,79.1
#215,Volleyball4.2,3552,250071551,439762,152632,16051,90.48
#216,LOCOfficial!,3552,203389464,829409,210858,29034,87.9
#217,🦠SurviveandKilltheKillersinArea51!!!,3501,1653578086,3732565,886092,108834,89.06
#218,[🪐PLANETS]UntitledFlingGame,3492,42668320,63328,20070,5702,77.88
#219,Ninjitsu:MasterofElements,3457,1741334,46165,10062,675,93.71
#220,ColorBlock,3414,2300889899,2404679,974967,173530,84.89
#221,⚡NinjaLegends,3375,2010181077,4566152,1501917,124981,92.32
#222,[16Prizes!🎃]CarCrushers2-PhysicsSim,3369,1118426573,4373876,1508354,121909,92.52
#223,ZombiesvsHumans,3362,11353292,65168,33035,5573,85.57
#224,[🎃15X!!]💪🏻LegacyLiftingSimulator,3294,6747668,9971,10348,1099,90.4
#225,Survive100DaysonDesertIsland,3263,5599797,8550,1230,625,66.31
#226,[💀]SurvivalOdyssey,3229,12204513,50435,20426,4042,83.48
#227,🦇EVENTDriveWorld🏎️Drifting&Racing,3220,256304832,3809477,395351,21037,94.95
#228,ReallyEasyObby!🌈,3210,222433168,79498,10069,5278,65.61
#229,[🎃]🎲CharacterRNG,3196,44389092,75155,77594,6527,92.24
#230,[Halloween]ForgottenWorlds,3190,434910981,1039337,273451,29565,90.24
#231,ArcaneOdyssey[Halloween],3167,108787442,782912,329324,26526,92.55
#232,TotalRobloxDrama,3159,539407036,868670,234487,54407,81.17
#233,[🎃HalloweenEvent!]DealershipTycoon🏎️,3158,62676316,149290,90261,4011,95.75
#234,🎃EVENTWorld//Zero⚔️AnimeRPG,3148,360551505,1950498,810060,43949,94.85
#235,EscapeTheCarnivalofTerrorObby!,3129,855130474,633957,95296,78284,54.9
#236,BuildtoSurvive!,3112,648020580,620798,157189,39140,80.06
#237,SecretKiller,3104,64357439,178357,103695,8902,92.09
#238,SnakeSimulator,3094,19326542,1127377,28681,13323,68.28
#239,[2X]WarMachines,3081,193539902,389518,123108,11412,91.52
#240,🎃[10X]StrongmanSimulator,3062,1428932064,2014254,676884,53718,92.65
#241,SwordClashersSimulator⚔️,3060,967012,7994,13348,308,97.74
#242,TheCurse[UPDATE],3025,6986892,79002,16707,4530,78.67
#243,(🎃Halloween🎃)LoomianLegacy,3014,857435745,2722990,890809,75725,92.17
#244,🔥BIGPaintball2!,3006,159454786,328720,241967,51067,82.57
#245,[🎃HALLOWEEN👻]DoodleWorld,3003,103141694,439584,193479,15700,92.49
#246,[🎃Halloween]WeaponFightingSimulator,2999,499354687,842648,530569,36610,93.55
#247,CarSuspensionTest,2999,218367183,2890209,53222,8395,86.38
#248,GardenDefense!🧟‍♂️,2991,9742940,214696,6187,1877,76.72
#249,ProjectSmash,2982,156205093,320978,154619,46696,76.8
#250,🎃BoogaBooga[REBORN],2975,160266834,346837,121564,25589,82.61
#251,🔥[2xPowerEvent]AnimeRevolutionX,2972,1002655,2408,5669,158,97.29
#252,LegendsOfSpeed⚡,2972,1762993828,3625772,1018160,96797,91.32
#253,BloxcityRP,2972,42946933,10204,1354,1778,43.23
#254,[YUTA]JujutsuBeatdown,2962,21704137,111844,125760,12478,90.97
#255,😈TRAITOR!,2960,369074,34724,212,49,81.23
#256,YeetAFriend!,2921,346554392,818568,634145,33904,94.92
#257,don'tletherin🏠[GAMEMODES],2891,7706046,65057,14820,1464,91.01
#258,[👻THEHAUNT]Keys🗝️Season20,2890,274268735,9232616,78170,8764,89.92
#259,[UPD]SnowboardObby❄World8,2872,196703055,5297882,45470,23166,66.25
#260,FindTheMarkers(237),2867,800250145,1246705,376692,83578,81.84
#261,[🎃]UltimateHomeTycoon🏠,2862,110232763,456171,331188,7319,97.84
#262,RiseofNations,2849,231258157,528406,230772,32257,87.74
#263,[🎃UPDATE]✈️CabinCrewSimulator,2840,218207297,754296,269261,21534,92.59
#264,Driveit![2PlayerObby]🎃,2839,19295704,105174,103234,3406,96.81
#265,ESCAPETHEPLAYGROUNDOBBY!,2788,9372125,20528,2806,2211,55.93
#266,🎃UPDATE🎃SharkBite2🦈,2785,335467558,566117,316552,41118,88.5
#267,[AFCAJAXEVENT]RealFutbol24,2779,132045182,175702,94360,16413,85.18
#268,CrazyCards🤣[UPDATE🔥],2769,52486622,266983,46154,10646,81.26
#269,YoutuberTycoon![ELEVATOR],2761,574463223,637677,225144,35832,86.27
#270,CRAZYCHEFS!👨‍🍳,2759,40675299,39855,7355,4680,61.11
#271,🌳SuperTreehouseTycoon2,2758,5196614,27136,4156,706,85.48
#272,MathTowerRace,2752,50295680,42198,22910,2668,89.57
#273,SuperHeroTycoon,2738,2311978930,10039590,711724,161595,81.5
#274,TPS:StreetSoccer🏆,2723,666122797,560159,230450,81156,73.96
#275,InsaneElevator!,2721,1137163514,1282476,204314,33950,85.75
#276,DeathPenalty🎃,2714,84793038,388764,86184,13962,86.06
#277,SCP:Roleplay,2708,338062936,1064093,439444,56995,88.52
#278,🎃[STANDS+MASTERYQUEST]AnimeSimulator,2692,17155418,79553,75513,2994,96.19
#279,TeamDaycareEscape!(TEAMWORKOBBY),2676,327677919,184465,20778,9169,69.38
#280,[SEASON4🎡]🏀RH2TheJourney-BETA,2662,49377301,161692,77787,11706,86.92
#281,ObbyCreator,2634,431960993,905857,249710,64211,79.55
#282,Granny:Multiplayer,2630,562369135,550137,81162,18628,81.33
#283,[🎃Boss]BathroomAttack,2629,373180712,1832852,240999,16472,93.6
#284,EpicMinigames[🎃QUEST],2619,2125657852,6885848,1912708,219236,89.72
#285,FORTLINE,2594,53844752,3828544,9055,2709,76.97
#286,RedLightGreenLight(FIX),2563,976553347,1595603,376001,99582,79.06
#287,Daycare💥[PADDEDCELLS:D],2562,25169657,77808,26568,10347,71.97
#288,🔨PlaneCrazy🔨[UPDATE],2560,360989183,1075995,341279,80541,80.91
#289,[🎃]Criminality,2556,203847730,658566,289946,90632,76.19
#290,🎃[🔥UPD9]CultivationSimulator,2552,6915334,25413,39984,2167,94.86
#291,TouchFootball,2551,82728403,38450,28893,5851,83.16
#292,🎃SillySimonSays,2545,301958705,360864,104617,24715,80.89
#293,DraworDIE!!!,2543,16173487,42705,5251,5238,50.06
#294,MurderersvsSheriffs2,2538,70288062,49309,17809,6217,74.12
#295,[UPD]CreateaCartRide!,2529,543538815,393467,403562,65327,86.07
#296,DetentionLine😡,2516,6665302,1359912,4082,1026,79.91
#297,BeaTornado,2514,34027969,1228618,105542,10058,91.3
#298,FishingSimulator🐟,2512,440977801,1740547,712475,65855,91.54
#299,EscapePapaPizza'sPizzeria!(SCARYOBBY),2499,592250938,418905,79410,93035,46.05
#300,SCPGamesandSCPMonsters,2484,619136100,574070,91487,23237,79.75
#301,🛒RetailTycoon2,2476,261513231,1221612,440498,60480,87.93
#302,FiveNightsTDModded2[🎃EARLYACCESS+EVENT🎃],2465,787291,694,682,43,94.07
#303,TheSurvivalGame[☠️Halloween!],2439,230197980,703988,228611,51716,81.55
#304,Islands👩‍🌾,2439,2241277292,3371255,1203121,138424,89.68
#305,[🎃THEHAUNT]Blair,2438,171812356,660282,170987,13617,92.62
#306,[UPD]CarOfHell,2423,22217016,20149,9716,4706,67.37
#307,HalloweenObby!,2421,13628969,2451850,1988,940,67.9
#308,[UPD]EatSlimestoGrowHUGE,2408,38398184,1443444,73815,27506,72.85
#309,FieldTripZ,2404,1011117076,1670515,313591,90456,77.61
#310,GEF,2392,92820413,3389121,90141,19003,82.59
#311,ShinSonicMealLineSimulator,2381,2215162,442397,3121,1381,69.32
#312,ApocalypseRising2,2378,101273864,735946,199556,27150,88.02
#313,ConquerEuropeWW2[🎃HalloweenUpdate🎃],2369,23091479,156892,21918,4920,81.67
#314,UltraToiletRoleplay2[11.0],2365,132071240,114772,58537,6884,89.48
#315,MyPetRock,2364,3333640,16184,3514,1838,65.66
#316,[PANTHER]METALOCK,2356,70835744,49178,43391,7161,85.83
#317,Chicken🐔,2350,12010810,46895,25485,2706,90.4
#318,MarvelandDCSuperHeroes,2343,692044298,617717,153390,76145,66.83
#319,🎃FNAF:Coop🎃,2339,128979722,1061329,143612,8945,94.14
#320,[UPD]OnePunchFightersX🎃,2331,2127216,13881,26026,835,96.89
#321,[FREEADMIN],2313,1739500365,11008960,1063761,280252,79.15
#322,🎃BuildtoSurvive🛠️[TESTING],2312,45268378,467535,14505,1767,89.14
#323,[🎃]Spindown,2308,9840938,121760,73683,4064,94.77
#324,NEWACCESSORIES!ALion'sPrideAlpha-LionRP🦁,2301,73774515,134061,38330,3274,92.13
#325,RUSHEDOUT!,2299,2527936,48143,8189,810,91
#326,CookBurgers,2298,547662230,1596634,448746,100063,81.77
#327,[🎃]SquidGame,2287,1493775326,2073823,915118,161376,85.01
#328,[EVENT+4x]CheeseTD,2287,57242939,44391,24517,4751,83.77
#329,WackyWizards,2280,890818235,1967657,575530,60958,90.42
#330,[🎃EVENT]FootballRNG.,2269,48799461,58893,36562,4929,88.12
#331,🎀Ally'sMurderMystery2(MM2),2256,430404,48447,131,22,85.62
#332,[UPDATE+4X]AllStarTowerDefense,2254,7522324486,2320653,1430716,128881,91.74
#333,JustBuild!,2251,3712386,269191,4635,334,93.28
#334,[🎃HALLOWEEN]AnimeSoulsSimulatorX,2248,29961223,50480,67062,4003,94.37
#335,Don'tleavethecircle!,2239,207389968,122218,20076,16102,55.49
#336,Apeirophobia,2230,320260781,1782323,496789,39610,92.62
#337,EPICSCHOOLESCAPE!(OBBY),2229,9975202,3909,728,663,52.34
#338,DemonBlade,2210,90224854,215148,368689,14956,96.1
#339,[🧩Dream]AnimeWorldTowerDefense,2209,155109355,169832,97315,9737,90.9
#340,Fantasia👑,2188,246068195,1797858,155839,15024,91.21
#341,PokemonBrickBronze|RoriaConquest,2172,261636,3035,880,61,93.52
#342,FreeDraw,2155,279268234,1054160,306772,68812,81.68
#343,HungryPig,2155,56230875,52702,15364,3277,82.42
#344,[2XCOINSWEEK🤑]ToiletLegacyDefense,2153,14037418,19752,30419,3537,89.58
#345,[EVENT]FallenSurvival🏹,2145,16843873,163393,26284,4080,86.56
#346,[NEWFRUIT]AnimeDungeonFighters,2139,84737301,339820,811849,17113,97.94
#347,Michael'sZombies[HALLOW'SEVE],2139,181596177,972257,317592,26193,92.38
#348,GRUMPYGRAN!(SCARYOBBY),2134,466469900,266405,63148,34078,64.95
#349,AnswerorDie,2129,225905982,4000296,158439,40572,79.61
#350,[BROLYMASTERY]ZBattlegrounds,2125,262243354,394186,195698,58040,77.13
#351,TheChosenOne,2120,150990480,134785,78617,19558,80.08
#352,Industrialist[HEAVYINDUSTRY],2111,7429795,84084,24314,1663,93.6
#353,MonsterSlayer[UD1],2096,1001507,1736,772,147,84
#354,BreakAllBones!,2093,9303022,1128067,1018,1536,39.86
#355,❓LUCKYBLOCKSBattlegrounds,2091,1579106759,6455207,713273,258947,73.37
#356,🚩ExpeditionAntarctica,2088,322291694,1336227,331444,58573,84.98
#357,ImpossibleSquidGame!GlassBridge2,2080,53714061,54002,39406,3757,91.3
#358,🎃MidnightFriedChicken[HORRORWEEN],2071,2508867,56973,8189,2810,74.45
#359,[TrickorTreat🎃]ScarySushi,2069,64045822,418951,85555,10846,88.75
#360,[UPD!🎃]Bladers:Rebirth,2069,36296836,140999,63916,4423,93.53
#361,ZOSAMURAISWORDFIGHTING,2059,544949768,1569434,682831,145997,82.39
#362,DON'TGETRIZZED,2058,6256131,41221,27177,3205,89.45
#363,SneakerResellSimulator,2049,55584642,122375,50373,4741,91.4
#364,PullaFriend[2Players][🎃HALLOWEEN],2045,221587729,488637,48557,22647,68.19
#365,MadCity:Chapter1,2034,2673301,10929,6931,499,93.28
#366,Blocksn'Props,2027,336558218,675892,271748,75643,78.23
#367,[FreeUGC]MyHelloKittyCafe(Tycoon),2021,441580628,1740812,795437,28369,96.56
#368,PickASong,2020,6202332,12231,4552,656,87.4
#369,SILLYSCIENCE!🧪,2019,3362034,3404,460,315,59.35
#370,EveryClick+1Jump🚀,2013,8313682,890974,10957,677,94.18
#371,SCPMonstersorTrevorCreatures,2008,193581851,68063,10696,6025,63.97
#372,FlagWars!💥,2006,584024952,3180705,412869,51177,88.97
#373,MyRestaurant!👨‍🍳,1997,823454687,2642593,1038352,96127,91.53
#374,[🎃]RogueLineage,1966,354939244,306628,114402,22154,83.78
#375,[🍡Mochi+Observation🎃]JujutsuPiece,1960,9106443,92088,80346,6706,92.3
#376,Murderersvs.Sheriffs,1953,757385462,879478,226910,74900,75.18
#377,vLife🏡RP,1949,5005643,27279,3681,1061,77.63
#378,ColonySurvival(IronUpdate!🏭),1932,17761062,102205,22846,3566,86.5
#379,MergeToy,1927,2582792,8270,5368,1428,78.99
#380,BasicallyFNF:Remix,1926,488006756,1032561,343092,40327,89.48
#381,[☀️SUMMERUPDATE☀️]StreetzWar2,1924,65262901,385568,72163,11585,86.17
#382,TeamSoccer(3vs.3),1922,34299408,339797,13363,4854,73.35
#383,✈REDVSBLUEPLANEWARS!,1909,256122292,238142,53975,22614,70.47
#384,CarryAFriend!(TeamworkObby),1892,331160893,10965536,285655,18652,93.87
#385,therapy🔊,1891,68666787,304137,53575,6341,89.42
#386,GREATSCHOOLBREAKOUT!(FirstPersonObby),1887,670935831,349261,80719,78682,50.64
#387,🎃DuckArmy!,1887,23726111,69141,128692,4028,96.97
#388,[LIVEEVENTSOON!]JupiterFloridaBETA🏎️CARS,1878,25844029,103778,50905,8388,85.85
#389,WarfareTycoon,1878,96803487,393449,121676,22142,84.6
#390,[EVENT🎃]DemonSoulSimulator,1868,247144911,956493,396675,27023,93.62
#391,Ohio.🎃,1857,203978548,366191,370314,42149,89.78
#392,[👻UPD]PhantomBall,1843,93356427,3751183,85602,7691,91.76
#393,TeamworkPuzzles(Obby),1841,272326786,134999,16097,32588,33.06
#394,🎃StickmanTD,1837,15206067,19174,15376,1802,89.51
#395,SalondeFiestas,1836,236495375,347710,109105,15338,87.67
#396,[🎃EVENT]DisasterIsland🏝️Survival,1824,45076403,2677993,44792,3705,92.36
#397,MulticrewTankCombat4,1821,46938190,185773,68214,13703,83.27
#398,🥪SandiwchRestaurantTycoon,1815,3907157,13641,19555,768,96.22
#399,CloneEngine,1812,15740165,2530680,11594,908,92.74
#400,[HALLOWEEN]RogueDemon,1809,529584507,610587,320654,71257,81.82
#401,Duckhaven🦆RP,1807,2687657,6546,1255,290,81.23
#402,[🎃UPD]BikeofHell,1801,402933700,1126004,270365,96961,73.6
#403,Westbound,1799,322700368,1255375,424338,67557,86.27
#404,PublicBathroom,1797,1144444,114720,376,428,46.77
#405,✨CollectTheBody,1784,157383791,334117,572587,24182,95.95
#406,Off-RoadingEpic,1782,121054778,2637853,88550,9495,90.32
#407,🐝UPDFarmingandFriends,1775,143288787,528535,186648,27817,87.03
#408,Impostor,1772,139278396,356555,50988,15824,76.32
#409,🐴AnimalLife:ForestRP🐺🐻🦌🦝🐰,1761,158634335,197502,44166,6383,87.37
#410,[🎃HalloweenEvent!]DinosaurSimulator,1760,292204698,1280463,414463,103993,79.94
#411,[Beta]DragonBallRP:Azure,1760,80357638,95472,29155,4199,87.41
#412,SakuraStand,1755,254529135,271425,139546,34377,80.23
#413,🔥DragonBlox,1753,549474603,1221100,418507,41569,90.96
#414,[FREEWEEKEND]🧟Aftermath💥,1746,29068564,449248,106633,22590,82.52
#415,[DISCODANCE|+10EMOTES]🎃TTD3,1746,1099935212,2574110,751879,127958,85.46
#416,TsunamiGame,1742,179758269,492617,106935,27907,79.3
#417,TheDropper✨[130+LEVELS!],1732,648365469,1429705,291471,130592,69.06
#418,EasyObby,1730,1383614278,1040207,194813,52334,78.82
#419,ZombieAttack,1730,1613042808,5766277,1267000,79214,94.12
#420,[UPDATE1]Project:Afternight,1724,14731714,96598,39744,4017,90.82
#421,MMV/MurderMysteryV,1723,779240,35200,554,42,92.95
#422,SlideDownAHill,1707,132979302,167802,111482,13524,89.18
#423,buildanukefactoryanddestroytheworldtycoon,1704,1760459,23898,9143,1828,83.34
#424,ChainedTogether[2-3-4PLAYER],1697,59329447,265159,24072,9164,72.43
#425,IslesofRavos🐲,1694,1675339,7544,5087,306,94.33
#426,DeathintheBox,1693,24233271,190095,28925,2578,91.82
#427,RealisticHandRP🖐🍩😋[UPDATE],1690,398091165,762564,163056,24289,87.04
#428,TrampolineBattleSimulator,1689,16573327,14257,12442,1228,91.02
#429,🎃🍣ConveyorSushiRestaurant,1684,139773548,658380,217134,11677,94.9
#430,[UPD]Push-UpTrainingSimulator,1682,30074996,1343326,131231,3706,97.25
#431,BendyandtheinkMachine,1679,84554008,80852,23659,6489,78.48
#432,[🎃Event]WeaponWarriorSimulator,1678,58650800,2150641,659927,15081,97.77
#433,[👑EXTREME]AnimeDimensionsSimulator,1674,1333186455,2696671,1998198,56993,97.23
#434,FindFloppas!😺,1669,723365,36799,732,24,96.83
#435,PopItTrading✨,1666,727127932,2052372,196718,46878,80.76
#436,Guessthedrawing!,1666,248049505,699115,111002,24687,81.81
#437,[FPS]GunGroundsFFA,1661,47608210,52127,15879,5129,75.59
#438,Abyssal(Obby-Adventure),1659,14447282,264423,62240,2608,95.98
#439,[⏰]🌴Outlaster,1656,292450505,915753,249831,42243,85.54
#440,BeaSnake,1655,52638702,73819,80244,10182,88.74
#441,[FREESTEALTH]KJARENA,1644,38758712,80943,90995,12364,88.04
#442,Grab![2PlayerObby],1638,2828006,82237,894,276,76.41
#443,[UPD]🏙️CityDefenseTycoon,1637,2968175,11276,28650,1624,94.64
#444,EMOTIONSPOLICEFAMILYPRISONRUNESCAPE!(Obby),1635,25195441,206478,533,746,41.67
#445,[NEWCODE]ProjectPolaro,1635,591273,2959,1005,103,90.7
#446,LewisLife🏡RP[FreeUGC],1633,216223502,3003164,32910,8147,80.16
#447,SpeedRun4NIGHTMAREMode,1632,3052220,20066,4203,3701,53.18
#448,GrowingUp-🎃HalloweenEvent🎃,1631,600681209,1981726,560310,90013,86.16
#449,[💫UPD3]SoulsTycoon,1630,1008426,10134,15840,602,96.34
#450,[PublicBeta]Vision,1627,6153315,22690,10366,2359,81.46
#451,GetFatAndRollRace,1626,45380212,82392,53535,5986,89.94
#452,[🎃EVENT]ThePresentationExperience,1623,394674029,1375084,445683,36618,92.41
#453,BestAvatar,1615,27819570,39651,20165,5291,79.22
#454,[Update1.5🎆🥶]ProjectSlayers,1613,613682979,1132020,723369,69992,91.18
#455,AbilityWars,1613,409410638,653578,356837,97884,78.47
#456,💿KOYADANCESTUDIO,1606,18051830,95500,21073,1546,93.17
#457,Centipede,1606,277982099,308347,42695,15072,73.91
#458,EasyGrowObby,1603,418008049,22909960,58101,17449,76.9
#459,🪂RagdollPhysics[Skydiving],1602,193156266,161921,35607,11911,74.93
#460,SaberShowdown,1599,197187745,394355,328176,28523,92
#461,[CHIKIRIBAIBAI]RagdollEngine,1598,252786255,5091257,164592,31420,83.97
#462,Cart+CarRideintoGigaNoob!,1597,405473989,189465,36717,17401,67.85
#463,MyLittlePonyTycoon,1580,11480593,67530,10959,1005,91.6
#464,[🎉NEWLOBBY]SingIt!KaraokeBattles[VC🎤],1577,8066828,88797,8341,588,93.41
#465,Build&Survive,1574,128492676,82319,14534,12372,54.02
#466,[HALLOWEENMiraculous™RP:Ladybug&CatNoir,1571,769644288,1094899,204729,36329,84.93
#467,🦄MyLittlePony:BridlewoodRP[BETA],1570,9393630,280790,4111,932,81.52
#468,[UPD]Hide&Sneak,1568,248741391,277693,60120,20220,74.83
#469,[ULTRAINSTINCT]SuperEvolution,1567,138187062,466986,182511,16467,91.72
#470,UnnamedShooter,1554,35782124,94527,37886,13339,73.96
#471,H2OMermaidTesting,1551,477552794,413290,49804,15278,76.52
#472,SpeedRun4🍩😋[UPDATE],1549,1596814065,4389562,984222,332726,74.74
#473,Yoinkz![2-Player],1548,793746,44176,2543,336,88.33
#474,MAKEEVERYONEBALDTYCOON[HARDCORE😤],1548,11747710,65815,113539,3549,96.97
#475,TeamworkPuzzles2(Obby),1547,713438147,13630790,634145,46600,93.15
#476,GoodGirlsSorority,1546,641960260,1575969,203427,51891,79.68
#477,DiggingSimulator,1536,12945426,20267,17673,1631,91.55
#478,Toby'sHOSPITAL(SCARYOBBY),1534,51845718,84411,38352,9270,80.53
#479,[NEWBUILDS🔨]TridentSurvival,1532,66602690,119584,26697,9337,74.09
#480,[💎2X]TitanTowerDefense,1528,56960534,254797,67221,3898,94.52
#481,🥊PunchMonsters!🥊,1527,58039410,46398,13095,3050,81.11
#482,[🎃SKINS🎃]YellowstoneUnleashed,1521,40119756,157114,116197,7378,94.03
#483,[🎃DANDADAN+3X]AnimeSpirits,1520,33457813,63069,74737,8288,90.02
#484,HomeRunSimulator,1520,14361873,18311,5613,2709,67.45
#485,UltraPowerTycoon,1513,478901506,526559,250470,52793,82.59
#486,[HALLOWEEN+📈x4]AOPG,1502,321284986,593631,567779,50740,91.8
#487,BulkedUp[HALLOWEEN],1492,413201523,2522531,244510,33021,88.1
#488,starvingartists(DONATIONGAME),1490,421227337,1237389,466532,53280,89.75
#489,RealisticRagdollPhysics,1487,270167105,382133,92545,19174,82.84
#490,🎃RHDanceStudio,1484,124913434,263625,77891,7612,91.1
#491,🌴monkeyraft🌴,1467,63652102,198200,32558,5054,86.56
#492,TallestBungeeJumpObby,1464,1461010,208213,28656,2336,92.46
#493,[🎃EVENT!🎃]StatGrindingSimulator3⬆️,1464,5581770,20105,8674,853,91.05
#494,[🎃EVENT]PetStory🐶,1459,375001887,1040209,517641,25019,95.39
#495,BEATBOUNCE🎶,1455,48949621,47792,19639,18254,51.83
#496,ENTRENCHEDWW1BETA,1446,88785416,623977,173363,16026,91.54
#497,[🎃HALLOWEENPT2+GOJO+SUKUNAV2👻],1442,9591259,32253,40071,4606,89.69
#498,Ray'sMod(🎃HALLOWEENEVENT🎃),1438,239932361,841613,249447,33581,88.14
#499,MoneyClickerIncremental,1437,1787249,8846,4124,734,84.89
#500,PrisonLife,1423,2472777590,5544332,1253696,223805,84.85
#501,[UPD]DragonBallNexus,1422,13372075,124636,50551,3378,93.74
#502,Sprunki-3DRoleplay!(EARLYTESTING),1419,4684549,9275,2444,325,88.26
#503,RateMyAvatar,1418,283860605,460686,188141,36440,83.77
#504,NitroCar,1416,51018460,3041067,13736,1914,87.77
#505,[FreeUGC!]RaiseaRainbocorn!🦄Pets+Roleplay⭐,1415,11582180,34948,22379,1655,93.11
#506,MiningTycoon💎[X2EVENT!],1402,3137078,23402,34833,1389,96.17
#507,BikeNinjaObby[HALLOWEEN],1388,29586246,10835,3296,3185,50.86
#508,MidnightBurger[HORROR],1386,26569267,448791,53093,8406,86.33
#509,BrazilianCommunity[TTDCMBr],1385,77546170,59854,18821,2271,89.23
#510,GoofyGods⚡️,1384,66788259,111871,41625,8116,83.68
#511,[💰🍀]⚽GoalKickSimulator,1383,301289337,624699,243530,20972,92.07
#512,♠TwentyOne🎃,1382,26809802,464508,112032,7369,93.83
#513,TheHighestEverWaterslideObby,1382,39776059,6003034,14042,7665,64.69
#514,DogeHeadEscape,1378,307756404,214935,36718,27624,57.07
#515,FurryInfectiongame[Furinfection],1377,152335317,130779,20251,9720,67.57
#516,CaliShootout💥,1375,48611223,139526,114510,13952,89.14
#517,KeyWest🏠RP[UPDATE17],1375,70534150,83419,12555,4385,74.11
#518,[AKUMAVAMPIRE!]Ro-Ghoul[ALPHA],1374,962166253,2049170,786801,82393,90.52
#519,HorseValley,1369,381390384,797647,213742,33957,86.29
#520,LaundrySimulator,1368,431448662,1517060,445148,58634,88.36
#521,EveryClick+1Speed⚡,1364,18866170,2116290,15179,1474,91.15
#522,EscapeMrFunny'sToyShop!(SCARYOBBY),1356,384792256,381269,77386,50889,60.33
#523,HelloNeighbor[2Acts][Xboxsupport],1354,148293005,115671,26092,7371,77.97
#524,MonsterSkins|Prehistoria|DinosaurSurvival,1352,47720097,76880,17807,3097,85.18
#525,CarDrivingIndonesia,1351,209972653,274532,87708,19444,81.85
#526,[🎃]PasstheBomb!,1350,118501621,1373966,154629,27436,84.93
#527,TheWildWest,1344,272307607,1511391,573948,81464,87.57
#528,TowerHeroes⚔️,1344,438276465,795914,328589,38655,89.47
#529,Madi'sWardrobe,1342,1436413,16531,6101,1206,83.5
#530,SpeedRunner!,1339,282168496,338774,70591,33210,68.01
#531,[🎃]freemm2,1339,1349848,133153,457,188,70.85
#532,NavalWarfare,1336,447154248,1132879,326980,40330,89.02
#533,[🎃UPD]CakeOff!,1336,41264385,2516059,416037,7161,98.31
#534,🏀BasketballStars3,1333,5487732,158807,3998,1138,77.84
#535,EatBlobstoGrowMASSIVE,1329,6201390,309123,18671,4912,79.17
#536,[💉QOL+🎃Halloween🦇]StandsAwakening,1324,234428947,384539,180666,38431,82.46
#537,FiveNightsAtFreddy'sDoom,1323,145023748,484650,119401,11961,90.89
#538,DunkBattles!,1320,2383311,13142,51411,769,98.53
#539,[UPD4]MOUNTRNG🐲,1318,3661369,15630,47958,1225,97.51
#540,[🤑FREE]SprunkiMorphs💀,1318,79847145,86131,45543,8366,84.48
#541,🎃[LuckBoost]unConventional,1311,23732168,17624,12173,4133,74.65
#542,AnimeTrainingRNG🎃,1303,6476160,319115,61217,2228,96.49
#543,[SUKUNA]SorcererTowerDefense,1298,9766160,19872,12143,3030,80.03
#544,MorphWorld![NEWBOSSUPDATE],1298,52022650,47618,27839,4519,86.03
#545,[🔥💥PRISMATIC2UPD]AnimeFightersSimulator,1298,1291795363,1584411,1122457,85099,92.95
#546,[🎃HALLOWEEN]PETSGOMODDED!,1296,216256,911,469,44,91.42
#547,[TestPlace]RealisticHandRP🖐🤏[🔨Test],1295,42482776,43613,7244,1929,78.97
#548,ShadowBoxingBattles,1287,256699167,460301,171857,27471,86.22
#549,[NEWMODE]HorrificHousing,1286,587026850,1710293,656052,191393,77.42
#550,[😡BOSS]PouMorphs!,1283,16596747,5062,1487,807,64.82
#551,LogoRace!,1283,31238814,2338940,4120,5826,41.42
#552,[HALLOWEEN]Colorblast:SprunkiRoleplay,1278,1953315,8357,1051,270,79.56
#553,cartridearoundnothing,1278,370778710,554978,253849,84584,75.01
#554,Don'tPressTheButton7,1277,81613905,43296,13684,7018,66.1
#555,🎢ExtremeCartLine,1275,10438120,855524,48573,2967,94.24
#556,[NEWMAP+KITS!]MidnightRacing:Tokyo,1274,115797424,591388,195987,23630,89.24
#557,RagsToRiches🤑,1273,555562,4030,7945,296,96.41
#558,HAZEPIECE,1272,207629482,1570885,680382,27912,96.06
#559,[HanamiAwaken++]CursedArena,1270,151857409,269975,159536,38805,80.44
#560,[Testversion]BilberryCity,1261,26852137,22664,2847,740,79.37
#561,TheVampireLegacies2BETA,1260,9747066,59750,17670,977,94.76
#562,[⭐]AirplaneSimulator,1253,166181337,497379,207396,36906,84.89
#563,👑STRONGESTPUNCHSIMULATOR,1251,386530237,893517,265204,22559,92.16
#564,[⚰️DUNGEONSUPD]DevasOfCreation,1250,20140547,242232,117443,12649,90.28
#565,🎃MegaHideandSeek!👻,1247,360832718,470732,82928,14994,84.69
#566,[UPDATE]DEMONSLAYER3DRP,1247,57970850,131670,47062,3605,92.88
#567,[V2.6]Sonic.EXERP,1245,123425735,227435,67622,10600,86.45
#568,❤️BoysandGirlsHangoutClubRP!❤️,1244,63879622,2121110,20423,16922,54.69
#569,🎃EasySizeObby,1243,28461892,4156868,2083,937,68.97
#570,Daycare2🎈(Story),1242,476297787,830163,161324,33158,82.95
#571,🎃BuildABridgeSimulator,1240,28605925,871065,157259,5880,96.4
#572,[UPD]SpecialForcesSimulator,1235,81756956,578763,249760,21708,92
#573,NoobArmyTycoon,1231,328358856,1160341,484354,43866,91.7
#574,GuerradeTorres,1228,284147156,414282,105359,35822,74.63
#575,ToiletSimulator,1228,4812404,124882,433,369,53.99
#576,🌙DreamhavenTycoon,1226,165973500,160723,139492,4847,96.64
#577,PullUpSimulator,1212,79559251,5660936,472815,10726,97.78
#578,PokemonBrickBronze|BronzeReborn,1212,124153,1069,288,44,86.75
#579,ThePowderBox,1206,32244119,99420,28110,1973,93.44
#580,🚀[UPD]FlyingBootRaceSimulator,1204,15752711,1256990,69097,1973,97.22
#581,EveryStep+1Speed⚡,1202,754428,87611,1379,126,91.63
#582,nico'snextbots,1200,537475283,2012787,678999,58332,92.09
#583,UndertaleTestPlaceReborn,1196,107636015,350337,124846,25097,83.26
#584,[FREEGEAR5REWORK+DRAGONREWORK]CatPiece,1195,61552410,79543,58611,8823,86.92
#585,MidnightStation[HORROR],1195,48264970,633561,70924,7747,90.15
#586,BreakingPoint2🎃,1194,120475482,270000,110819,43729,71.71
#587,💪TrainingSimulator,1190,56774985,5911939,41745,2760,93.8
#588,WizardTycoon-2Player,1190,655537114,1869024,426160,60858,87.5
#589,[upd5.3]superboxsiegedefense,1187,132932706,124564,73298,12373,85.56
#590,EasyPoleObby,1186,61476966,878181,21753,7838,73.51
#591,Bou'sRevenge[HORROR],1184,94118522,1792405,134039,16214,89.21
#592,BridgeDestruction,1182,1409645,6662,1333,293,81.98
#593,CarRacingSimulator,1180,49748616,4908321,8989,2770,76.44
#594,Randomizer[🔪UPDATE🐟],1179,129674887,604888,216136,45950,82.47
#595,LastToLeave,1178,501034070,468202,154115,62604,71.11
#596,Jule'sRNG[🎃10KLUCK],1174,8326514,110921,112915,2238,98.06
#597,[🎁FREE]ShinSonicTapesMorphs,1173,32103435,36002,21181,2453,89.62
#598,AllofUsAreDead,1172,212613532,140534,44047,14220,75.6
#599,TugofWarSimulator,1171,21365714,854237,25620,1223,95.44
#600,BuildToSurvivetheDisasters,1171,25555593,57276,81752,3297,96.12
#601,[FREEKJ]MysticBattleground,1168,26688281,20444,4638,9834,32.05
#602,[🎃]CrateCrushers,1167,3519791,112808,71733,1878,97.45
#603,🩸Blood&Gore(BETA),1165,3534042,380488,3117,1882,62.35
#604,MurderMe🔪,1164,10908667,17428,17322,4779,78.38
#605,[🍂AUTUMN]CountryballWorld🌎,1164,59795444,128833,33546,5993,84.84
#606,EscapeAngryHead,1161,58739956,25848,3291,2364,58.2
#607,AnimalsCaptureTheFlag,1161,103223429,69455,23595,4885,82.85
#608,PublicBathroomSimulator,1158,468407775,845271,210316,45345,82.26
#609,[🌎GLOBALMATCHMAKING+GAMEMODE]FortuneFighters,1156,15034828,51248,106648,6172,94.53
#610,Survive100DaysInNuclearBunker,1155,70624923,67771,37892,10500,78.3
#611,🎆ColorEscape![LIGHTFESTIVAL!],1154,126283071,166343,47509,14369,76.78
#612,MathAnswerorDie,1153,238860243,130005,46976,12773,78.62
#613,❤️Ro-meet:TalktoStrangers,1153,215245564,2447954,280975,66966,80.75
#614,AnimalSim:Underwater,1153,159969846,152746,27313,5280,83.8
#615,Flicker💡,1153,754054641,2143901,561068,50005,91.82
#616,ScreamStream[HORROR],1151,27517750,246122,29686,4793,86.1
#617,TowerofMisery,1148,3787316170,2747032,735817,196038,78.96
#618,TheClassicSoccer,1146,11460262,6603,4518,1409,76.23
#619,3008-100Players,1146,75753565,76824,19578,6971,73.74
#620,HappyLand🏡RP,1145,526842536,235919,37921,20570,64.83
#621,CarRaceSimulator,1141,11040799,735951,64760,2371,96.47
#622,[🎃]InfectionGunfight,1138,7001489,81006,12069,2469,83.02
#623,EscapeBabyBobbyDaycare!(FIRSTPERSONOBBY),1138,401886056,7408960,22041,24965,46.89
#624,2PlayerSushiTycoon🍣,1138,8393833,47604,49146,1133,97.75
#625,T-TitansBattlegrounds,1138,635233301,1056508,300835,92415,76.5
#626,BeaShark🦈,1137,53413255,109973,99091,13343,88.13
#627,DressToSlay👠,1137,27468145,751904,29532,19399,60.35
#628,CashTycoon!,1136,75341370,6111509,51028,4059,92.63
#629,[goldupdate]raiseafloppa2,1134,160690099,669079,362991,34645,91.29
#630,BlockPuzzle,1131,6338622,30414,7694,1142,87.08
#631,3-2-1BlastOffSimulator,1131,283820606,785618,226415,24410,90.27
#632,[RELEASE]FrisbeeFrenzy,1130,689219,12203,2664,436,85.94
#633,[😺NEW]FindTheFloppaMorphs(855),1129,233823550,295583,89147,13141,87.15
#634,{MECHANICS}MondayMorningMisery[Beta],1127,300978978,841428,306229,34455,89.89
#635,[HALLOWEEN🎃]THEHOUSETD,1122,195269726,146632,102148,8387,92.41
#636,MICUP🔊17+,1122,30797814,56626,17442,2198,88.81
#637,[EVENT🎃]FindTheAuras[450],1119,17232943,1315069,32158,4122,88.64
#638,[X3]DigToHellSimulator,1117,27726492,3390027,37773,4606,89.13
#639,BuildtoSurvivetheTsunami🌊,1116,42714680,1371542,18703,4914,79.19
#640,SillyBilly|FridayNightPartying,1111,51707578,133686,49434,5757,89.57
#641,🛍️FashionShow,1110,97485629,108019,16658,3507,82.61
#642,DecayingWinter,1105,41212822,195108,80357,6849,92.15
#643,Altitorture[2PlayerObby],1104,259009254,988309,174791,23350,88.22
#644,[🎃]AurasofCalamity,1103,891229,4039,2248,595,79.07
#645,HeroBrawl,1102,252128404,104762,20688,6463,76.2
#646,ROBLOXRallyRacing,1099,59813777,199956,64497,7600,89.46
#647,BayViewRP🏠,1098,554130398,545147,78246,13592,85.2
#648,🦈SharkDiveLine,1097,6630902,15776,16857,4747,78.03
#649,GartenofBanban,1092,251090413,316776,139279,20907,86.95
#650,[C63]CarDrivingUltimate,1089,37524558,46360,8254,1864,81.58
#651,DoodleTransform!,1088,90343668,198666,29755,10606,73.72
#652,🔥NEEDMOREHEAT🔥,1086,88912872,199166,97213,6524,93.71
#653,🎃HarborHavoc,1085,183098148,266937,147026,20201,87.92
#654,LegendsArena,1081,43264254,224424,131751,4710,96.55
#655,GenericCookingGame[BETA][UPD2.15],1081,54829835,446732,75619,7440,91.04
#656,Who'sSUS?,1075,36007665,123128,31318,9232,77.23
#657,Beeface!,1073,416642513,850340,209490,18124,92.04
#658,[AWAKENING]🌱GrassCuttingIncremental🌱,1072,22943643,64198,33382,4322,88.54
#659,SeaboardCityRP🌴,1070,479453897,987896,152110,39114,79.55
#660,[SHOP!]Ophelia,1069,2830527,55241,2855,1414,66.88
#661,📎SellpaperclipstoRULETHEWORLD!🌎✨,1068,11266140,402086,112085,3948,96.6
#662,LaunchIntoSpaceSimulator,1065,56060327,135742,336928,8093,97.65
#663,GlowUpTycoon🌟,1061,316691,2437,3645,303,92.33
#664,MyPerfectSchool,1061,12324758,7062,1190,2150,35.63
#665,[🎲PART2!]RebirthChampionsX,1058,132239614,336111,254239,11671,95.61
#666,MadCity:Chapter2,1058,2569106910,5841613,1839308,363286,83.51
#667,[EP77PART3][5XEXP]SkibiDefense,1057,273451127,738625,143820,10347,93.29
#668,[🎃EVENT]🚗MidnightChasers:CarRacing,1055,22599640,123125,53354,5373,90.85
#669,(HALLOWEEN)Interliminality(ALPHA1.3.6),1055,39846487,497291,115256,10176,91.89
#670,FRONTLINES,1054,145748337,1389937,393865,56864,87.38
#671,EmergencyEmdenV2,1054,31292411,62162,29587,4862,85.89
#672,ColorHideandSeek,1053,203462007,166680,68225,15625,81.37
#673,TeamworkPuzzles,1049,606572250,529503,81322,27105,75
#674,[RELEASE]Saberforce⚔️,1048,449769,8670,4467,785,85.05
#675,Zooo,1048,136810162,67099,18306,6188,74.74
#676,Don'tShatter[2PlayerObby],1048,28734457,250760,166892,4723,97.25
#677,CreepyCrawlers🕷️,1045,7306772,22371,6734,1291,83.91
#678,FindSwitches!🔍,1041,1759139,263653,808,295,73.25
#679,[🎃Event]PolishCarDriving,1041,42160946,128401,53709,9294,85.25
#680,[🎃SEASON11]SPECTER,1039,95230326,452270,159528,7852,95.31
#681,TypicalColors2[🎃][MOBILEBETA],1039,116981700,470909,161186,41095,79.68
#682,YourHospital,1037,2619072,67831,15319,1160,92.96
#683,ShortandTall[2PlayerObby]X,1033,1395121,131079,152,54,73.79
#684,RideaCartSimulator,1033,142002726,220346,480440,24884,95.08
#685,🎃MakeoverShow,1031,72838335,6375533,14651,7044,67.53
#686,ClassicSonicSimulatorV12,1031,134553747,450337,152264,25484,85.66
#687,Zombielab[🎉100Mvisits🎉],1031,135539427,195642,48436,28185,63.22
#688,VayhoodHangout❤️,1030,8057087,848609,2170,873,71.31
#689,FamilyLife🏠RP,1030,184769197,118462,49697,7443,86.97
#690,ThoseWhoRemain,1028,99510684,1030947,378677,22009,94.51
#691,KAT,1026,1431236908,4174726,1548399,223681,87.38
#692,SwordmasterSimulator[RE-ROLLS],1026,8627379,26741,18995,1710,91.74
#693,FindPortals!🌀,1024,569937,95698,108,79,57.75
#694,5v5MM2Mansion2,1024,228838508,225601,68531,25367,72.98
#695,TaxFraudTycoon,1022,4183396,73716,44928,2980,93.78
#696,[DINO🦖]PetRacerSimulator,1020,27713505,79056,162354,3916,97.64
#697,CarryMe![2PlayerObby],1018,99442782,358314,60737,11933,83.58
#698,YooBroxDD'sDOORSRP👁️,1016,14653293,17800,11641,2206,84.07
#699,[HALLOWEENPART2]🎃HoopsLifeBasketball🎃,1015,117608733,217587,80072,27195,74.65
#700,[Halloween]HorseWorld,1013,563838451,1356171,303452,39683,88.44
#701,[Hammer]TeardownthebridgeDestruction,1012,25377530,1804090,22140,4174,84.14
#702,🚁MyPrison,1011,119317039,459330,158870,25443,86.2
#703,CloneFrenzy,1011,2743732,385167,1348,111,92.39
#704,AvatarOutfitCreator,1009,200921111,151499,31581,8186,79.42
#705,PhantomForcesConsole,1008,186870664,2236837,927501,107241,89.64
#706,FallinaHole!,1008,30775116,30141,80414,3774,95.52
#707,Where'stheBaby!,1007,331353066,1563070,331527,84517,79.69
#708,GunArmoryTycoon,1006,32066588,55544,46677,3736,92.59
#709,MemeRace😂,1005,6055162,206622,13600,627,95.59
#710,BetterMeme?,1003,12812888,1256991,87982,3642,96.03
#711,BoxywoodRP🏠[HALLOWEEN🎃],1002,24324056,548000,8779,1487,85.52
#712,TowerofJump[FREEHALOS😇],1002,617364351,723970,161546,32925,83.07
#713,🎃SuperGolf!,999,206305498,805822,275383,71028,79.5
#714,SchoolThugs👊🎃,998,5591553,460012,11529,1373,89.36
#715,BIGPaintball!Classic🔫,996,1767380825,5062042,2121668,371918,85.09
#716,(📱PHONESMINIMAPANDMORE!)RensselaerCounty,995,66714248,249338,56519,10114,84.82
#717,BetterAnime?,994,9852338,315209,274209,7580,97.31
#718,BOSS🎃Swordburst3⚔️RPGAdventure,992,27085912,248502,108403,10298,91.32
#719,AlmostAccurateDOORSRP[UPDATE#2.8],987,84253919,133284,50855,5725,89.88
#720,LogoBlockRace,985,66530691,9341619,16258,2797,85.32
#721,SkibidiToiletWar,983,17303899,7996,2505,1246,66.78
#722,CENTAURA,981,29186700,360507,132294,10157,92.87
#723,🎃AirshipAssault,981,28161725,188900,73265,10835,87.12
#724,LAVAGame🔥,980,43002184,2841505,13953,3670,79.17
#725,[🎃UPD]Imposters&Roles|AmongUs,980,79169387,62420,24942,4153,85.73
#726,📝FORGOTMYEXAM📝[1M],977,2462820,292548,714,405,63.81
#727,FindTheSimpsons[263],977,111709120,177092,65901,4948,93.02
#728,EverySecondYouGet+1SpeedButYou’reOnaBike,977,125546346,3690064,129726,9778,92.99
#729,BossTycoon,975,5583581,32716,24507,2021,92.38
#730,DrawandGuess!,974,2462960,2559,464,634,42.26
#731,💪🏻LiftingSimulator,973,561322408,1104483,278991,46173,85.8
#732,[2XWEEKEND]WackyWorlds,971,490019,17378,3565,635,84.88
#733,DON'TDIE,968,207391968,265257,271827,33575,89.01
#734,Power-UpSoccer,968,828635,1242,725,186,79.58
#735,🎃DriftParadise,966,269308653,902496,451969,48850,90.25
#736,Buildingtowerstoflyfarther🪂,965,96667217,173005,333321,12694,96.33
#737,UPDATE!SchoolBusSimulator24,964,34358388,88955,23453,5825,80.1
#738,TreasureHuntSimulator,962,672708352,3423789,949429,96734,90.75
#739,ICESPICE'SPRISONRUN!(Obby),962,2772950,627240,52,66,44.07
#740,Vacation✈️(Story),960,369534168,599972,90815,23147,79.69
#741,DrawaBlank!,959,52100929,662949,27077,5514,83.08
#742,[💎UPD]DemonWarriors👺,958,9594169,60064,169720,3534,97.96
#743,[🎃]ScaryElevator[SurvivetheKillers!],956,415809064,1751863,410521,88412,82.28
#744,EverySecondYouGet+1Jump,956,374536360,4556798,212516,15920,93.03
#745,CatwalkShow,954,301317356,136824,55003,16076,77.38
#746,BilberryCity🏠RP,953,177573480,19260989,89882,10858,89.22
#747,[HALLOWEEN]🎃ZombieBattleTycoon🎃,951,153162711,225715,88461,8695,91.05
#748,FashionFamous:📸,950,2259043029,4743126,565159,101879,84.73
#749,[🎃]ProjectBaki3,949,63268994,174540,74955,18524,80.18
#750,BoardSmash!,943,39479978,58791,66316,4450,93.71
#751,Figure'sLibrary,943,8585245,9714,5043,2752,64.7
#752,[newmaps!]brawl2,942,137119893,132401,38647,17463,68.88
#753,🎃ZombieStories,940,173664737,668131,222977,19708,91.88
#754,[🎃UPD]PacificGymnastics🤸RP,938,40055840,3013295,18962,2822,87.05
#755,TheIntruder,937,349064618,1048817,204512,24473,89.31
#756,[🥳NEW]SHINTAPESMORPHS,933,587731,406,649,50,92.85
#757,Ben10SuperHeroTime-ActionGame,932,431538902,1185526,46212,18615,71.29
#758,KnocktheBlocks,932,11426348,13810,4077,3557,53.41
#759,[🎃]ResortTycoon2🌴,930,61254841,1727007,229352,5749,97.55
#760,Timber2!🌲,930,5533885,28294,23393,1312,94.69
#761,🎃UGCStealPoints,929,12871835,17616,24253,4182,85.29
#762,ElevatorofFun[NEW!],925,11307464,744191,6041,2344,72.05
#763,🎉BloxHunt|Updatev3.1.0!,924,450775162,3254041,653459,101632,86.54
#764,PickaSlide[Backrooms],924,116608879,3539188,18316,13973,56.73
#765,PANIK,924,250122288,519591,122313,22257,84.6
#766,ColorBook[HALLOWEEN],923,26630261,102298,24388,2468,90.81
#767,💸RagstoRiches,921,3206267,109876,12462,1553,88.92
#768,💚PulseRP||MalachiteV1.1💚,921,147102225,401549,90958,15605,85.36
#769,🌊TsunamiDisasterSurvival🌊,919,263324450,158280,26375,14966,63.8
#770,MYMELODY'SPRISONRUN(OBBY),918,682740,158152,36,23,61.02
#771,[UltimateMode]ConsoleVSCoffin,917,55603169,1031201,9300,2297,80.19
#772,Twisted[BETA],916,35937930,271474,75114,10715,87.52
#773,[LIMITED⭐]HighwayLegends,913,9255497,50538,23877,2848,89.34
#774,[UPD]IceFishingSimulator🐟,912,14409589,57152,35366,4121,89.56
#775,StreetLifeConsoleSupport🎮,912,20146489,764971,35442,7088,83.33
#776,[UPDATE]FashionStars⭐,911,176183,12421,1368,376,78.44
#777,[PEAK!🐟]DudesBattlegrounds,909,16322758,63126,64152,13488,82.63
#778,[UPDATE!]UltimateTowerDefense,909,961240765,526428,418366,31347,93.03
#779,UltimateRagdollPlayground,908,73769555,83311,11429,2443,82.39
#780,🎃TheMazeRunner,908,27171253,295037,78312,12692,86.05
#781,SprayPaint&Skate🖌️🛹,906,6497414,60326,1513,462,76.61
#782,[PROJECTION]JujutsuLegacy,906,10724436,36066,28385,5276,84.33
#783,#ERROR!,903,232334343,7395147,384880,20038,95.05
#784,DoodleObby✏️,902,107363773,117016,24691,14782,62.55
#785,[🎁GIFT]TitanTrainingSimulator,902,42192923,1593160,78000,4406,94.65
#786,[Update5🏠]❄FrozenSurvival🥶,900,584115,5313,3794,377,90.96
#787,[COLORS]PolyDash(GeometryDash),900,50423156,71585,33308,16458,66.93
#788,SlayerTycoon(v1.7),899,201809220,663291,197459,31931,86.08
#789,🚗DrivingTestLine,898,4240482,15699,19883,3276,85.85
#790,EliminationTower,895,241891912,711249,133586,59798,69.08
#791,FREEADMINLAND,893,39797142,3114005,9250,6451,58.91
#792,DanceforUGC💃,892,31477613,102032,73133,6632,91.69
#793,🔪SONICTAPESBarry'sPrisonRun,892,5020395,1004489,1495,386,79.48
#794,Don'tCallAt3AM📱,891,238956727,262720,59405,61651,49.07
#795,GoFlying!,891,35126688,43095,69273,1874,97.37
#796,PetTycoon🐾,889,53863517,2390494,55961,4332,92.82
#797,ESCAPECRAZYCATLADY!(Obby)[🤫Secret],888,7909414,822024,19939,1259,94.06
#798,Airplane[Story]✈️,884,296893570,624176,134691,20979,86.52
#799,PLSDONATEBUTINFINITE💸,884,75791030,7007743,152654,8324,94.83
#800,justdaytona.(9NEWCARS),882,46355814,111601,32491,5483,85.56
#801,BuildABoatWithBlocks,882,38979281,21444,12670,2086,85.86
#802,SalonMakeover🎃,881,32698694,2475277,28296,3835,88.06
#803,weirdstrictdad[BOOK2],880,339516322,464509,114821,21536,84.21
#804,town,880,55865270,257822,108216,36924,74.56
#805,🕷️Spider-ManSimulator,879,612977009,6955417,142515,119628,54.37
#806,[😨NEW]FindToiletRainbowMorphs,878,17092458,220847,2500,1059,70.24
#807,TPS:UltimateSoccer,875,169759807,310972,77336,18340,80.83
#808,BlockTycoon⛏️[HALLOWEENEVENT]🎃,875,85630922,247568,82803,19620,80.84
#809,IMPOSSIBLEObbytoHeaven😇,873,24460077,2621853,38074,11452,76.88
#810,PressureWashSimulator2,871,56372319,163573,280686,13915,95.28
#811,BadBusiness,871,504177637,2153480,755972,124747,85.84
#812,BlackhawkRescueMission5,869,308172548,1178014,451262,45927,90.76
#813,DrawObby[NEW],869,130470413,100777,20403,12559,61.9
#814,PARKOUR,868,397030469,2030904,711892,226034,75.9
#815,[MAJORUPDATE]No-ScopeArcade,867,156506631,415695,151898,35770,80.94
#816,🏈BecomePROandprovetombradywrong!,867,572850,48364,520,133,79.63
#817,TeamObby[UPD4],866,39689969,5180008,2989,1789,62.56
#818,BloxFruitButBad,864,50727823,26311,11334,5013,69.33
#819,BallroomDance🌸,863,202228590,339738,99138,10531,90.4
#820,BecomeaSnake,863,979832,69349,864,291,74.81
#821,DOORSTESTING👁️,861,19181085,26601,22988,3513,86.74
#822,🩸MMV,859,509849,42477,397,115,77.54
#823,CloudTower,856,2739010,1380,389,96,80.21
#824,[🌌ZONE9!!!☄️]Juke'sTowersofHell,856,41598005,70826,37787,10488,78.27
#825,[🎃UPDATE!]HALLOWEENBARRY'SPRISONRUN!,856,21867975,6762,2402,436,84.64
#826,MemeMaker[UPDATED!]😹,852,21520494,62835,24610,7598,76.41
#827,IWannaTestTheGame(BetaTest),851,90684846,229336,117255,192740,37.82
#828,[UPD🎃]ScytheSimulator,850,24516116,1846069,89523,6574,93.16
#829,InsaneElevatorTesting,850,152857502,56813,13428,7771,63.34
#830,[🎃HALLOWEEN2.0]ZPiece,849,31710052,401102,86370,12198,87.62
#831,🎃HALLOWEEN!🎃RealisticCarDriving™,848,84026268,1861236,197281,22816,89.63
#832,TEAMGRANDMAESCAPE!👵🏻(TEAMWORKOBBY),846,151786660,10595438,3700,2858,56.42
#833,Draw&Donate🎨🎃,842,28150896,1036969,25456,3656,87.44
#834,[BURNTRAP!!!]Fredbear'sMegaRoleplay,839,214689153,822295,199447,18746,91.41
#835,Daycare🎈(Story),839,463982307,980515,153714,24382,86.31
#836,ShootaFriend[2PlayerObby],836,15937205,90358,101348,3282,96.86
#837,[🎃Halloween][Event!]⚔SwordWarriors!,834,231695849,337090,466950,19743,95.94
#838,[⚠️]FUNDAMENTALPAPEREDUCATIONRP,832,11389600,32652,6706,861,88.62
#839,PutAFingerDown!,831,39870367,158683,24079,5613,81.1
#840,EatSameColorFoodChallenge,830,63289029,4168007,12890,2556,83.45
#841,Frogge,830,389820411,969787,135612,20422,86.91
#842,[NEW]TouchVolleyball,830,20677172,30011,7264,1814,80.02
#843,[UPDATE]Track&Field:Infinite,829,83159853,161616,71875,13107,84.58
#844,CloneKingdomTycoon⚔️,829,97993975,159268,45856,8587,84.23
#845,GuesstheLogoQuizforAdmin,827,69661643,9741448,17737,4327,80.39
#846,EnergyDrinkSimulator⚡,827,4901886,527260,58567,1202,97.99
#847,🔥LifeSentence,827,35735021,130336,87837,18989,82.22
#848,DestroyTheShip!,826,167424394,229685,94273,18536,83.57
#849,[🎃Halloween]NinjaBattlegrounds,825,37627865,146490,210258,12204,94.51
#850,Mental[HORROR],824,21782117,2061989,62591,12227,83.66
#851,HoleintheWall,824,511832507,2294328,433674,139326,75.68
#852,TheNormalElevator[HALLOWEEN],823,532323771,2940138,769205,59383,92.83
#853,Consume[🎃HORROR],823,8676268,179553,20389,2868,87.67
#854,Neighbors🔊[17+]🎃,821,21343831,63963,11400,1483,88.49
#855,BuckshotMayhem💥,821,24028607,159421,25646,6057,80.89
#856,MapleCounty|FALLUPDATE,820,4941172,84517,19144,1649,92.07
#857,FiveNightsMODDED[ENDLESS!],820,184405,272,195,19,91.12
#858,[🎃FREE]SprunkiMorphs!,819,812809,169273,337,142,70.35
#859,5v5MM2Hotel2,819,78768613,81002,19767,7247,73.17
#860,PHIGHTING![ALPHA],819,28365624,253872,94824,6164,93.9
#861,PRANKTHETEACHER🤮,818,9520755,910883,9210,1456,86.35
#862,[SMALLUPD]DragonBallFinalRemastered,817,51038086,260742,83756,13304,86.29
#863,Teddy🎃,816,674227893,731510,113161,33758,77.02
#864,HeadsUp,816,42968817,138271,19107,9139,67.64
#865,ALongRoad-ALPHA,815,16214001,65195,21060,2256,90.32
#866,JustaRopeBridge,814,186928935,200171,34901,24910,58.35
#867,FALLBUT100PLAYERS[HALLOWEEN],813,36636226,333452,123133,7246,94.44
#868,BaseBattles🔫GunShooting,813,264592416,770059,387469,72356,84.26
#869,BalloonGame🎈[UPDATE],812,12689030,4313,2639,324,89.07
#870,😇LinetoHeaven,812,16707921,51512,74648,16949,81.5
#871,JurassicBlocky,811,12640396,48209,22158,3964,84.83
#872,DriveX🏎️CARS,810,35029159,28220,9901,1585,86.2
#873,AvatarSimulator[OutfitIdeas],808,97527799,46370,6015,2339,72
#874,شاليهمحمد(تخفيضات40%),808,25155450,654631,15385,8903,63.34
#875,BlastZone,808,3776380,28136,10007,1230,89.05
#876,[🎃]DesertBus,807,11788345,92047,25740,2411,91.44
#877,StreetShootout(Alpha),804,33148648,127316,35628,14251,71.43
#878,SKYDIVEOffATOWER!🪂,804,97288420,1995554,668765,12149,98.22
#879,NameorDie,802,51281611,56435,15895,5026,75.98
#880,MidnightMotel[HORROR],802,23591191,122877,69468,7091,90.74
#881,RogueBlade[bardanddealerupdate],800,1970463,17929,5814,484,92.32
#882,GlassObby(HARD)❗,800,484554,63914,325,234,58.14
#883,MurderParty,796,692789707,1049736,256925,71020,78.34
#884,Samyx'sMM2🎃,793,377786,366,54,13,80.6
#885,ShootandEatNoobs,791,57163239,148358,52480,8213,86.47
#886,[🎃]BuildaBoatSimulator,791,2187124,159843,17035,566,96.78
#887,ZombieSurvivalGarry'sMod,790,52325609,94077,21650,7489,74.3
#888,[🎃]UndertaleRP:CrossingTimelines,790,25502937,110746,24860,4771,83.9
#889,[HALLOWEEN]ResidenceMassacre,789,138517720,395725,95740,9450,91.02
#890,ParkourRun!,789,425001309,567605,102074,29575,77.53
#891,LuckyAvatars![OutfitsCatalog],789,40490529,2151165,4136,1242,76.91
#892,AirsoftBattles,787,10803256,228469,13500,3900,77.59
#893,RoCitizens🚢,785,853142816,3749219,1131644,140924,88.93
#894,[UPD]RoTubeLife!,784,305192762,915909,473186,27394,94.53
#895,raiseafloppa,784,209140931,1118619,654607,68422,90.54
#896,[Emotes🎊]BalloonPop:FindYourMatch🔊,784,32327551,109271,33467,5832,85.16
#897,HALLOWEEN|RandomlyGeneratedDroids,783,34139932,104052,35007,5360,86.72
#898,💪MuscleRaceSimulator,783,8053471,434916,10577,436,96.04
#899,🕸️🕷️SurviveSpidermanTheKiller!,781,10774366,2030051,1217,623,66.14
#900,KittyAllMaps,778,1418656400,2001862,411502,66658,86.06
#901,TURBOTOWERBATTLESOBBYEDITION,777,14380707,12900,2588,1936,57.21
#902,DestroyGrandma,777,28198,281,78,13,85.71
#903,[AGES]WingsofFire[Beta],776,90840316,340456,104831,4777,95.64
#904,HOURGLASS(V1.2),776,2067114,36692,10232,6769,60.18
#905,MurderDrones:Reassembled[RP]BETA,774,12504067,71087,20585,1154,94.69
#906,5v5MM2Milbase,773,132392495,130083,39453,15420,71.9
#907,HCBB9v92.0,773,33376770,66265,24202,5513,81.45
#908,KJCT:KJCharacterTesting[UPDATE!],767,1601540,1603,737,514,58.91
#909,MallTycoon,767,397672690,1227454,388982,27998,93.29
#910,5v5MM2Factory,767,71501445,74063,20308,8340,70.89
#911,asnowytrip❄️[NEW],767,25070130,103961,94322,10058,90.36
#912,CloneYourself,766,179895607,271501,57241,36104,61.32
#913,BARRY'SPRISONRUNWITHITEMS!(OBBY),764,1444752,191401,12,11,52.17
#914,BikeRaceSimulator🚲[UPD],763,33374822,31134,27556,2206,92.59
#915,5v5MM2Remastered![BETA],762,26308244,17567,4490,2286,66.26
#916,BeaHole,762,17823916,989708,92172,11564,88.85
#917,[⚒️UPD🏝️]DesertIslandSurvival,761,109637809,270533,74947,11231,86.97
#918,🎃SonicElevator,761,41494188,45429,20125,5317,79.1
#919,TheRobloxia:UntilDawn,761,5712164,51865,14691,2724,84.36
#920,[0.23.1]Deadline,759,31192244,340333,112360,20762,84.4
#921,[IRONMAN]MarvelOmega,757,306811,3612,1337,288,82.28
#922,[NEW]🧠Telepathy!,757,7900147,34671,3519,1311,72.86
#923,1%WinObby,756,186781037,7110792,44142,21490,67.26
#924,Swordburst2,756,149167898,1222691,417108,58359,87.73
#925,RODOGRAUSP,755,163012983,185696,44394,6923,86.51
#926,TurboDoomspireBrickBattle(NoCoolDown),755,10046773,21591,7222,2585,73.64
#927,CarrosRebaixadosBR(Pre-Alpha),754,84814682,66639,9706,1405,87.35
#928,ColorChairs,753,15290127,567229,7495,2079,78.28
#929,[💀Decay+🎃Halloween🦇]HeroesWorld,753,220967876,757419,514620,26119,95.17
#930,🎮[BETA]TransformersCrossfire,750,9334030,42933,14757,1575,90.36
#931,AntWar🐜[🍯HONEYPOTANT&LOOTING],750,24942622,416695,20325,3047,86.96
#932,ClimbRaceSimulator,749,17843797,44887,154198,2202,98.59
#933,Snakey🐍,749,98009527,93333,15488,6285,71.13
#934,[HAWKEYE!]MechShowdown(Alpha),748,21439397,73094,54494,7787,87.5
#935,DragtoCombine!,748,7158496,329536,15619,2261,87.35
#936,FinalStand,746,487255495,1542396,536268,60264,89.9
#937,HouseTycoon2,746,36916176,102670,24837,4438,84.84
#938,GARENAFREEFIREMAX🏆,746,12089210,854280,3713,596,86.17
#939,🛍️DressUpVeryCharmin[ClaimFreeGem],745,28647926,326689,1696,621,73.2
#940,TheInterview🔊,745,22913035,798492,67325,5591,92.33
#941,🐴MYLITTLEPONY'SPRISONRUN!(Obby),743,415292,46998,20,15,57.14
#942,TheRakeREMASTERED,743,155325321,1478738,502446,39141,92.77
#943,[FightingAnimation!!]UnknownMemeAnimation,742,52574748,416974,114063,4812,95.95
#944,HospitalTycoon😷,742,329553666,2177419,557193,39084,93.45
#945,SquidGameO,741,95604307,101444,20325,7166,73.93
#946,BallEatingSimulator[UPD],741,63398806,4197056,136660,10151,93.09
#947,SharkBiteClassic🦈,741,1574318674,5028423,1578664,183462,89.59
#948,CircleGrindingIncremental,740,1063747,10760,10611,821,92.82
#949,BACKFIRE!🏍️MotorcycleMayhem,740,75984230,225126,134511,10256,92.92
#950,EVENT👻Griffin'sDestiny✨RPFantasy,739,64953114,394908,107057,7577,93.39
#951,🎃GREEDYNOOBS[4XCREDITS],739,12554475,27295,24166,4327,84.81
#952,[HALLOWEEN!]KaijuBattlegrounds-Testing,737,1201285,3831,1393,421,76.79
#953,CriminalTycoon,737,66528924,140292,64356,9064,87.65
#954,☁️CottonObby!,736,467348334,393457,58536,13464,81.3
#955,Buildabunkertosurvivezombiestycoon,735,37166364,45105,35466,7647,82.26
#956,KartRacingSimulator,733,14985646,913320,166930,3288,98.07
#957,[MAPA]SierraMexico.,733,4637969,15611,3759,748,83.4
#958,🍕PizzeriaTycoon2,731,14568209,33199,70438,2225,96.94
#959,🎃📸PhotoShootxGreenScreenStudio,730,109150888,208296,36064,3908,90.22
#960,[🎃]Granny,730,507080828,1212129,108133,17698,85.94
#961,ObbyButYouCan'tJump,729,309641191,15448796,117772,25852,82
#962,FORTLINE,729,29501525,1190875,5803,2441,70.39
#963,[UPD]Oaklands🎃,728,22922195,239832,70022,9212,88.37
#964,TouchSoccer,728,59525564,33666,15772,6494,70.83
#965,[🎃Halloween🎃]BeaStrongman,728,2028756,1918,1274,545,70.04
#966,AnimePowerTycoon,728,145062000,204447,170000,9460,94.73
#967,[🎃🦇HalloweenPart1]DragonBloxUltimate,724,238146791,747929,236468,20585,91.99
#968,RadiantResidents,724,88803221,436475,94147,9066,91.22
#969,Chiquititas-RayofLightOrphanage🏫,723,17038404,19179,2300,388,85.57
#970,CabinRoleplay,722,185424845,1055815,70152,10422,87.07
#971,BreakInSimulator,721,31800897,1573365,8374,5342,61.05
#972,[🎃]TropicalResortTycoon🌴,721,560828726,1671247,588646,29428,95.24
#973,[🎃]InArea51[ALPHA],721,8258812,40313,79697,3451,95.85
#974,SonicShowdown,721,25737895,88867,30056,7927,79.13
#975,[UPDATE]Daybreak,719,28237102,244014,51198,7580,87.1
#976,[FREE]RefineryCaves2🎃,718,1478644,13920,7492,2421,75.58
#977,WrestlingLegends[⚡️UPD2],717,2791477,179097,2909,835,77.7
#978,DrawingQuiz🎨,717,28767405,231528,5775,3445,62.64
#979,[HALLOWEEN🎃]DragonBallOnlineGenerations,716,48893825,328241,132087,18280,87.84
#980,[GOJO]BloxFruitsButBad,715,14539699,9958,4800,1726,73.55
#981,[🎃EVENT]MotoTrackdayProject,714,67466088,127423,64595,6992,90.23
#982,Zoochosis🎃,714,5860651,743410,897,458,66.2
#983,VenomSimulator,713,105440628,47562,9534,9420,50.3
#984,SinkingShipSimulator,713,28395944,1401842,21895,7028,75.7
#985,ParkourCivilization[OBBY],712,402867,27153,608,1772,25.55
#986,ImpossibleTrollBridge(SquidGame),712,1519955,181122,731,109,87.02
#987,🎀KUROMI'SPRISONRUN!(Obby),709,782873,132611,9,6,60
#988,#ERROR!,708,84186547,85250,86006,6117,93.36
#989,Mo'sAcademy,708,133042103,138553,25621,10334,71.26
#990,Backstreets👊,707,1037973,3472,505,188,72.87
#991,[🔥NEW!]FORTBLOX,707,715978,2517,972,183,84.16
#992,VRHangoutv1.5,707,71376323,100642,26602,10508,71.68
#993,[WORLD3🌍]FindButtons!🔍,706,15510442,488174,26953,1807,93.72
#994,Sprunki,706,820647,117570,412,330,55.53
#995,ImpossibleGlassBridge(SquidGame),706,52787998,21433,8880,2867,75.59
#996,[MOBILE/CONSOLEFIXED-BETA]TheTimeofNinja,706,5136808,80497,25291,2841,89.9
#997,TEAMBORRYPRISONBREAKOUT!👮[TEAMWORKOBBY],705,68323047,15351,1397,586,70.45
#998,[👻HALLOWEEN]ADCDANCESTUDIO,704,11811628,8996,4344,429,91.01
#999,🏈FieldGoalSimulator,703,43992091,411025,37371,6273,85.63
#1000,🎃HALLOWEEN🎃AfterTheFlash:Wintertide,703,17272456,99057,27049,5060,84.24
